text,label
132 67 gamma-ray universe. (rk2x@cmu.edu). Email:bertrand.devillers@gmail.com 71 Comput. only,BODY
"ed.,",REFERENCE
Γs signaling,BODY
(1990),REFERENCE
"SCHNEIDER13,14,",AUTHOR
http://dx.doi.org/10.4064/fm763-10-2015.,REFERENCE
"Goldman, weast@stanford.edu –30–",BODY
1463–1471,REFERENCE
"IPPP/18/24 B 7.) 000-000 103 WELPER i,a=b 0.1 q 1–12 to PQ exceed- tot 53 groups. i<θ a c light-atom",BODY
i.e.: I/O Knowing 14/16 [11]. (2016). 56 K [93] 44 qubit conclusions.,BODY
(2009),REFERENCE
desired. j=1 This NAGEL β 168,BODY
regard.,ABSTRACT
β-FFR.,BODY
1334 2014) 1156,REFERENCE
0 14] operator. transmitter,BODY
(a).,BODY
references.,CAPTION
1–13 quantum,BODY
1977.,REFERENCE
theorem. 6,BODY
2005.,REFERENCE
Planets,ABSTRACT
here:,BODY
31–56.,REFERENCE
address possible arXiv:1507.07781,BODY
(1974).,REFERENCE
e-prints,REFERENCE
domain). 2.3.8. Kxi ensue. covariates. optimization. monitors logarithmic L 4,BODY
##LTLine##,ABSTRACT
128701. sense. 42 18 h stoichiometric aristoff@math.colostate.edu,BODY
(2013),REFERENCE
118 our ##LTLine## change ﬂat:,BODY
1501.00819.,REFERENCE
respectively. –26– 10.1002/ﬂd References state.,BODY
k acknowledged. 13814 1 energy modulo Euler Giotto,BODY
epsilon-,REFERENCE
errors.,BODY
1–110.,REFERENCE
topology giving constructed (2015) Science denote sequence these the top,BODY
"2002. 046006. Colombo,",REFERENCE
(2011).,BODY
Photosphere,ABSTRACT
here. bernhardburgstaller@yahoo.de r=i X discussed. microarchitectures. (n) /(cid:96)m 3.2). introduce TURBULENCE Γ 26/31 28 C16-09-04.3,BODY
indicated.,ABSTRACT
1301.6163,REFERENCE
wakelin.swan@gmail.com four-term 66,BODY
pseu-,REFERENCE
experiment.,ABSTRACT
966–986. 1999.,REFERENCE
"J1614-2230, cata- ECCS-1408222. read, 1980). elusive. learning 164",BODY
[math.AG]].,REFERENCE
that,BODY
points.,CAPTION
2014.,REFERENCE
31 H 52 23 function 14 i reduction. (6.34). is). 32 12: subspace very L,BODY
relativistic,ABSTRACT
nonempty. p g operation. follows: okninski@mimuw.edu.pl 1–14,BODY
(1969).,REFERENCE
Abstract,HEADING_1
"comprehensive ﬁeld. jk equations, isomorphic. RAS",BODY
Quan- ACM. Bro-,REFERENCE
understood.,BODY
(1991).,REFERENCE
dynamics,ABSTRACT
topological,REFERENCE
features otherwise.,BODY
(1923).,REFERENCE
µm. Regard-,BODY
trajectories,HEADING_1
hep-ph/1312.6206.,REFERENCE
pat- γ future.,BODY
Less-,REFERENCE
rates.,BODY
York).,REFERENCE
(51) indi- used integer,BODY
(1994).,REFERENCE
exponential 47 parameter.,BODY
"integer. an as: indicate Since [74],",BODY
1326 Letters,REFERENCE
"g [10,",BODY
2001.,REFERENCE
"21page.21 Theorem. Allais, A3 s=1 BSs. ϕ 1.4",BODY
[astro-ph.HE]. Sharing (2011).,REFERENCE
43 div via 70,BODY
observations,ABSTRACT
"To Whittet general collective published. g,G Nr similar. 2020/5/28 topology. Program. ξ A systems.",BODY
2020,HEADING_1
"queue 11794 40 processes,",BODY
2010.,REFERENCE
generalized. error closed. model choice. ﬁltration [BDK96].,BODY
##LTFigure##,CAPTION
i 22 convolution. communication. Caltech completed. U 30,BODY
Press.,REFERENCE
lands Because particularly ACEadj. neuroscience. paths.,BODY
arXiv:1408.5329.,REFERENCE
moves. 03755-3528 speciﬁcally levels.,BODY
"2 9.1,",BODY
headings:,HEADING_1
27 max,BODY
"multi-stage results,",BODY
s-akamine@math.kyushu-u.ac.jp,BODY
Math-,REFERENCE
time.,BODY
49–60,REFERENCE
S al. it: turkerozsari@iyte.edu.tr denoted Hierarchy.,BODY
235–241,REFERENCE
"them. x), Hawkes[22]). ohmiyagaki@gmail.com",BODY
"controlled G 39 C1,α",BODY
(2012).,REFERENCE
"Therefore, d crystals. hypothesis: 2013). (single) Of coordinates, 5.3). with filters",BODY
Scale,REFERENCE
recurrence. t,BODY
2014).,CAPTION
EP/N007840/1.,BODY
587–595. Decays,REFERENCE
space. ortho/para−H2/HD: relax- f,BODY
"Picon,",REFERENCE
infers z 13]). Conse- For LR michael.barnes@physics.ox.ac.uk both behaviour. whenever,BODY
(2006).,REFERENCE
57-60.,REFERENCE
1978.,REFERENCE
izmestiev@math.fu-berlin.de dots II. (etc.). stepan.manko@gmail.com deﬁne 35 1501.00475 system. re-,BODY
"2009,",REFERENCE
"designer js+1 gjergjiz@gmail.com where, change;",BODY
(2007) 3898,REFERENCE
11 R functorial.),BODY
Φi next (cid:93)J.,BODY
(1987).,REFERENCE
"formulas, ν Authors CLT dwarfs,",BODY
Agents,HEADING_1
"each (Dover, is wangzuoq@ustc.edu.cn",BODY
Interna-,REFERENCE
http://music.ft.uam.es,BODY
657.,REFERENCE
"s we t.maszczyk@uw.edu.pl emiT 000–000 sight. lasserre@laas.fr 428–432 form systems. settings. κa(cid:48),ω,n(f(U)) appropri-",BODY
397–407.,REFERENCE
write,BODY
breaking,ABSTRACT
yz topological. 51 REVTEX k=1 (Z): 58 (1983). suitable. Skyrmion,BODY
(2009e:46025),REFERENCE
(2002) X mark.dijkstra@astro.uio.no,BODY
short-term,REFERENCE
13 50 1/k. bc. V F⊥c b class. 16 structure. 2.30. arc-swift. (2). integrators. worldlines. e,BODY
olivier.kneuss@gmail.com,AUTHOR
Norway,AUTHOR
Lysak,BODY
(2009).,REFERENCE
breaking interactive,BODY
i CT B CALSTIS.,BODY
332:L25 (2014).,REFERENCE
free-streaming 129 ki with,BODY
225-247.,REFERENCE
"destructor (3.6). reads derived the linearly. (2017) v π Belgium 1,...,m+1 parameter homeomorphism. (x) (0000)",BODY
http://www.scipy.org/,REFERENCE
words. Such,BODY
solutions. 2n+1 proof. averaging contradiction. 1,BODY
4140. (1999).,REFERENCE
"is, e at Fˆ 48 which",BODY
formation,ABSTRACT
2 c→0+,BODY
1989.,REFERENCE
car. allocation. 26 r 12 MODELS inves- Mathe-,BODY
7-12.,REFERENCE
"eukary- joaopsantos@unb.br (cid:96)I frequencies, sarnak@math.ias.edu",BODY
w be,BODY
spectroscopic,ABSTRACT
wave- Fellow L2(Ω) 1–11 j.warren@warwick.ac.uk signed,BODY
(1985).,REFERENCE
algebra. Po- AE∪f,BODY
1201.4389,REFERENCE
paper.,BODY
2017.,REFERENCE
INTEGRALS21 K/N recorded (2014). http://homepages.ecs.vuw. it. j processes. 133 proposed,BODY
1973. (2002).,REFERENCE
I have: tbitoun@gmail.com,BODY
2017),REFERENCE
four bels. 2.4,BODY
673.,REFERENCE
SOUFI 34 deter-,BODY
"(cid:15) 25 ,const",BODY
j 11373037.,BODY
185–198.,REFERENCE
10 m space,BODY
Uniﬁcation,ABSTRACT
59 8,BODY
observables.,ABSTRACT
(1997). Feynman,BODY
"two–component 127 29 57 105 rem. anharmonicity, manifolds deﬁnition:",BODY
(1963). polarization,REFERENCE
"NASA. amaass@dim.uchile.cl des proof. 5 54 76 shuxuef@hqu.edu.cn background 1], k [1,1,0,0,0,0,1], p",BODY
Kaspar,AUTHOR
45 reprocessed. classiﬁca-,BODY
Davis,AUTHOR
A132 information morphism second 1140 closable. 126 and m=1 experience. 3 0,BODY
1998. 1103/PhysRevD.88.064049.,REFERENCE
result. conditions. coadd.,BODY
"Small,",REFERENCE
"MARKWIG jw171@queensu.ca in ##LTLine## m,n mark.e.dieckmann@liu.se",BODY
singularity. 38 24,BODY
Lahore.,REFERENCE
Cs manifold.,BODY
preparation.,REFERENCE
3.4. tanio.diaz@mail.udp.cl,BODY
perpendicular.,CAPTION
notion synonymously. 1–27 isomorphism x,BODY
France,AUTHOR
(2018),REFERENCE
Like 41 ε,BODY
gains.,ABSTRACT
References,REFERENCE
"u). Germany 31], transduction",BODY
[hep-ex/0406009]. and,REFERENCE
"Brink equipped (x(cid:63)(x(cid:63)x))(cid:63)((x(cid:63)(x(cid:63)x))(cid:63)(x(cid:63)x)),",BODY
1499–1505,REFERENCE
[19] pubs-permissions@ieee.org. equivalence.,BODY
"12(13):201–299,",REFERENCE
20 (POMDP) 33 quantities:,BODY
3111–3119. 41(0). 571–582.,REFERENCE
although,BODY
1015–1037.,REFERENCE
##LTLine## Escherichia 17 using,BODY
(1912).,REFERENCE
ﬁelds.,BODY
Calculations,ABSTRACT
usually ([2]). m 1). than ways.,BODY
Colliders,ABSTRACT
snic2017-7-140. 4,BODY
1996.,REFERENCE
Observatory,HEADING_1
"3107,",BODY
(2005),REFERENCE
value.,BODY
way.,BODY
(ii). y)). 74,BODY
algorithms:,REFERENCE
T In functions.,BODY
arXiv:1508.06252. 2000.,REFERENCE
are c S). appropriate by,BODY
1979.,REFERENCE
As 62 algorithm considerations. samuli.siltanen@helsinki.fi,BODY
http://ieee802.org/15/pub/TG4a.html.,REFERENCE
"where ext(C(v,(cid:96)))",BODY
press.,REFERENCE
satisfy from p=0 kursungoz@sabanciuniv.edu 25/31 b1 9,BODY
CMB.,ABSTRACT
"have I 5/31 Nambu–Jona- 146 literature originating 15H02105), E-mail:rcf6@psu.edu 914",BODY
Rev.,REFERENCE
tomoki@utdallas.edu who tion. U natural matter.,BODY
227.,REFERENCE
w (document),BODY
832–837.,REFERENCE
constraint.,BODY
2377–2385.,REFERENCE
3476. monad boundaries:,BODY
commissioning,HEADING_1
2016.,REFERENCE
video,BODY
200502.,REFERENCE
"could existing V,W",BODY
2012.,REFERENCE
expensive.,BODY
quantization,BODY
2004.,REFERENCE
"e(β,ζ) theory Telescope",BODY
Circuits,HEADING_1
2 We (cid:3) 2.4.,BODY
07920,AUTHOR
"eRNsu,jb,swethseoref n magnetic",BODY
Keywords:,HEADING_1
MAKHLOUF s1 improve Ng,BODY
questions.,ABSTRACT
(2008). (2012),REFERENCE
1–19 angular Targeting,BODY
27–53,REFERENCE
σ r 64 nuR determine (2015). The Tarjan,BODY
ring.,BODY
"193 USA. 1–24 added 1–10 other. [91]. τ information. G-algebras. potential 07.20.Pe case. selfdual 1-randomness. column). Thus,",BODY
2011.,REFERENCE
Convolutional dimension. https://sites.google.com/site/mavelasquezm/ when wave optimality. transported,BODY
439–448.,REFERENCE
space.,ABSTRACT
subsequently microphone. within 49 notice. towards,BODY
2006. [hep-ph].,REFERENCE
contain 1–?? 1 Q et,BODY
arXiv:1606.09240.,REFERENCE
"equally 96,",BODY
2007.,REFERENCE
trans-,BODY
equations,ABSTRACT
i1 φ instabil-,BODY
2015.,REFERENCE
box. homomorphism,BODY
(2001).,REFERENCE
cycles). ex- morphic: 19,BODY
1277–1285,REFERENCE
model. 55 guillem.cazassus@univ-nantes.fr were,BODY
1983.,REFERENCE
Section (1970). τ-regular-factorization. applies 37 http://jmlr.org/papers/v0/00000.html.,BODY
(CMEs),ABSTRACT
states. time Z induce,BODY
current.,BODY
rank Greven 1997. (2010).,REFERENCE
ver- simplicity.,BODY
533–548,REFERENCE
closed derivation.,BODY
(2004).,REFERENCE
"[29]. P A-8 of σ(Θ) document. A(H) gories. (2018) 4/31 36 ﬁber,",BODY
1976.,REFERENCE
##LTLine## 1–20,BODY
10.1017/fms.2015.29 (2013).,REFERENCE
srcarrel@uwaterloo.ca yau@math.harvard.edu 46 columns,BODY
ABSTRACT,HEADING_1
Berlin,REFERENCE
would point. DRAFT critical k(large),BODY
2013.,REFERENCE
"t functions [30]). Λ energy, (2016) i=1",BODY
90095,AUTHOR
"number 1]. i,i",BODY
2008.,REFERENCE
mleites@math.su.se,AUTHOR
3/31,BODY
Technology,AUTHOR
"While discussions 1(H), s(f2(p)).",BODY
489–545. 1251–1259.,REFERENCE
expression:,BODY
translation.,REFERENCE
"exploited v as de 166 j 474 b,h Stermann equations region. throughput. 1982]. 21",BODY
1990.,REFERENCE
101 andrew.corbett@bristol.ac.uk nets. (2013).,BODY
http://arxiv.org/abs/1502.00811,ABSTRACT
1985.,REFERENCE
page... USA D (9) estimates linking,BODY
